{
    "$schema": "http://json-schema.org/draft-07/schema#",
    "title": "Product Row Schema",
    "description": "Defines the structure for a single product row read from the source Google Sheet.",
    "type": "object",
    "properties": {
        "sku": {
        "description": "Stock Keeping Unit. Unique identifier for the product.",
        "type": "string",
        "pattern": "^[A-Z0-9-]{3,20}$"
        },
        "product_name": {
        "description": "The official name of the product.",
        "type": "string",
        "minLength": 3,
        "maxLength": 100
        },
        "price": {
        "description": "Price of the product. Can be a number or a string like 'Contact us'.",
        "type": ["number", "string"],
        "minimum": 0
        },
        "description": {
        "description": "A short, user-facing description of the product.",
        "type": "string",
        "maxLength": 500
        },
        "image_url": {
        "description": "A publicly accessible URL for the product's primary image.",
        "type": "string",
        "format": "uri"
        },
        "category": {
        "description": "Product category.",
        "type": "string"
        },
        "is_active": {
        "description": "A boolean (TRUE/FALSE in the sheet) indicating if the product is active.",
        "type": "boolean"
        }
    },
    "required": [
        "sku",
        "product_name",
        "price",
        "image_url",
        "is_active"
    ],
    "additionalProperties": false
}